year	country_id	lifeExp	pop	gdpPercap
1952	1	28.801	8425333	779.4453145
1957	1	30.332	9240934	820.8530296
1962	1	31.997	10267083	853.10071
1967	1	34.02	11537966	836.1971382
1972	1	36.088	13079460	739.9811058
1977	1	38.438	14880372	786.11336
1982	1	39.854	12881816	978.0114388
1987	1	40.822	13867957	852.3959448
1992	1	41.674	16317921	649.3413952
1997	1	41.763	22227415	635.341351
2002	1	42.129	25268405	726.7340548
2007	1	43.828	31889923	974.5803384
1952	2	55.23	1282697	1601.056136
1957	2	59.28	1476505	1942.284244
1962	2	64.82	1728137	2312.888958
1967	2	66.22	1984060	2760.196931
1972	2	67.69	2263554	3313.422188
1977	2	68.93	2509048	3533.00391
1982	2	70.42	2780097	3630.880722
1987	2	72	3075321	3738.932735
1992	2	71.581	3326498	2497.437901
1997	2	72.95	3428038	3193.054604
2002	2	75.651	3508512	4604.211737
2007	2	76.423	3600523	5937.029526
1952	3	43.077	9279525	2449.008185
1957	3	45.685	10270856	3013.976023
1962	3	48.303	11000948	2550.81688
1967	3	51.407	12760499	3246.991771
1972	3	54.518	14760787	4182.663766
1977	3	58.014	17152804	4910.416756
1982	3	61.368	20033753	5745.160213
1987	3	65.799	23254956	5681.358539
1992	3	67.744	26298373	5023.216647
1997	3	69.152	29072015	4797.295051
2002	3	70.994	31287142	5288.040382
2007	3	72.301	33333216	6223.367465
1952	6	30.015	4232095	3520.610273
1957	6	31.999	4561361	3827.940465
1962	6	34	4826015	4269.276742
1967	6	35.985	5247469	5522.776375
1972	6	37.928	5894858	5473.288005
1977	6	39.483	6162675	3008.647355
1982	6	39.942	7016384	2756.953672
1987	6	39.906	7874230	2430.208311
1992	6	40.647	8735988	2627.845685
1997	6	40.963	9875024	2277.140884
2002	6	41.003	10866106	2773.287312
2007	6	42.731	12420476	4797.231267
1952	10	62.485	17876956	5911.315053
1957	10	64.399	19610538	6856.856212
1962	10	65.142	21283783	7133.166023
1967	10	65.634	22934225	8052.953021
1972	10	67.065	24779799	9443.038526
1977	10	68.481	26983828	10079.02674
1982	10	69.942	29341374	8997.897412
1987	10	70.774	31620918	9139.671389
1992	10	71.868	33958947	9308.41871
1997	10	73.275	36203463	10967.28195
2002	10	74.34	38331121	8797.640716
2007	10	75.32	40301927	12779.37964
1952	13	69.12	8691212	10039.59564
1957	13	70.33	9712569	10949.64959
1962	13	70.93	10794968	12217.22686
1967	13	71.1	11872264	14526.12465
1972	13	71.93	13177000	16788.62948
1977	13	73.49	14074100	18334.19751
1982	13	74.74	15184200	19477.00928
1987	13	76.32	16257249	21888.88903
1992	13	77.56	17481977	23424.76683
1997	13	78.83	18565243	26997.93657
2002	13	80.37	19546792	30687.75473
2007	13	81.235	20434176	34435.36744
1952	14	66.8	6927772	6137.076492
1957	14	67.48	6965860	8842.59803
1962	14	69.54	7129864	10750.72111
1967	14	70.14	7376998	12834.6024
1972	14	70.63	7544201	16661.6256
1977	14	72.17	7568430	19749.4223
1982	14	73.18	7574613	21597.08362
1987	14	74.94	7578903	23687.82607
1992	14	76.04	7914969	27042.01868
1997	14	77.51	8069876	29095.92066
2002	14	78.98	8148312	32417.60769
2007	14	79.829	8199783	36126.4927
1952	17	50.939	120447	9867.084765
1957	17	53.832	138655	11635.79945
1962	17	56.923	171863	12753.27514
1967	17	59.923	202182	14804.6727
1972	17	63.3	230800	18268.65839
1977	17	65.593	297410	19340.10196
1982	17	69.052	377967	19211.14731
1987	17	70.75	454612	18524.02406
1992	17	72.601	529491	19035.57917
1997	17	73.925	598561	20292.01679
2002	17	74.795	656397	23403.55927
2007	17	75.635	708573	29796.04834
1952	18	37.484	46886859	684.2441716
1957	18	39.348	51365468	661.6374577
1962	18	41.216	56839289	686.3415538
1967	18	43.453	62821884	721.1860862
1972	18	45.252	70759295	630.2336265
1977	18	46.923	80428306	659.8772322
1982	18	50.009	93074406	676.9818656
1987	18	52.819	103764241	751.9794035
1992	18	56.018	113704579	837.8101643
1997	18	59.412	123315288	972.7700352
2002	18	62.013	135656790	1136.39043
2007	18	64.062	150448339	1391.253792
1952	21	68	8730405	8343.105127
1957	21	69.24	8989111	9714.960623
1962	21	70.25	9218400	10991.20676
1967	21	70.94	9556500	13149.04119
1972	21	71.44	9709100	16672.14356
1977	21	72.8	9821800	19117.97448
1982	21	73.93	9856303	20979.84589
1987	21	75.35	9870200	22525.56308
1992	21	76.46	10045622	25575.57069
1997	21	77.53	10199787	27561.19663
2002	21	78.32	10311970	30485.88375
2007	21	79.441	10392226	33692.60508
1952	23	38.223	1738315	1062.7522
1957	23	40.358	1925173	959.6010805
1962	23	42.618	2151895	949.4990641
1967	23	44.885	2427334	1035.831411
1972	23	47.014	2761407	1085.796879
1977	23	49.19	3168267	1029.161251
1982	23	50.904	3641603	1277.897616
1987	23	52.337	4243788	1225.85601
1992	23	53.919	4981671	1191.207681
1997	23	54.777	6066080	1232.975292
2002	23	54.406	7026113	1372.877931
2007	23	56.728	8078314	1441.284873
1952	26	40.414	2883315	2677.326347
1957	26	41.89	3211738	2127.686326
1962	26	43.428	3593918	2180.972546
1967	26	45.032	4040665	2586.886053
1972	26	46.714	4565872	2980.331339
1977	26	50.023	5079716	3548.097832
1982	26	53.859	5642224	3156.510452
1987	26	57.251	6156369	2753.69149
1992	26	59.957	6893451	2961.699694
1997	26	62.05	7693188	3326.143191
2002	26	63.883	8445134	3413.26269
2007	26	65.554	9119152	3822.137084
1952	28	53.82	2791000	973.5331948
1957	28	58.45	3076000	1353.989176
1962	28	61.93	3349000	1709.683679
1967	28	64.79	3585000	2172.352423
1972	28	67.45	3819000	2860.16975
1977	28	69.86	4086000	3528.481305
1982	28	70.69	4172693	4126.613157
1987	28	71.14	4338977	4314.114757
1992	28	72.178	4256013	2546.781445
1997	28	73.244	3607000	4766.355904
2002	28	74.09	4165416	6018.975239
2007	28	74.852	4552198	7446.298803
1952	29	47.622	442308	851.2411407
1957	29	49.618	474639	918.2325349
1962	29	51.52	512764	983.6539764
1967	29	53.298	553541	1214.709294
1972	29	56.024	619351	2263.611114
1977	29	59.319	781472	3214.857818
1982	29	61.484	970347	4551.14215
1987	29	63.622	1151184	6205.88385
1992	29	62.745	1342614	7954.111645
1997	29	52.556	1536536	8647.142313
2002	29	46.634	1630347	11003.60508
2007	29	50.728	1639131	12569.85177
1952	31	50.917	56602560	2108.944355
1957	31	53.285	65551171	2487.365989
1962	31	55.665	76039390	3336.585802
1967	31	57.632	88049823	3429.864357
1972	31	59.504	100840058	4985.711467
1977	31	61.489	114313951	6660.118654
1982	31	63.336	128962939	7030.835878
1987	31	65.205	142938076	7807.095818
1992	31	67.057	155975974	6950.283021
1997	31	69.388	168546719	7957.980824
2002	31	71.006	179914212	8131.212843
2007	31	72.39	190010647	9065.800825
1952	34	59.6	7274900	2444.286648
1957	34	66.61	7651254	3008.670727
1962	34	69.51	8012946	4254.337839
1967	34	70.42	8310226	5577.0028
1972	34	70.9	8576200	6597.494398
1977	34	70.81	8797022	7612.240438
1982	34	71.08	8892098	8224.191647
1987	34	71.34	8971958	8239.854824
1992	34	71.19	8658506	6302.623438
1997	34	70.32	8066057	5970.38876
2002	34	72.14	7661799	7696.777725
2007	34	73.005	7322858	10680.79282
1952	35	31.975	4469979	543.2552413
1957	35	34.906	4713416	617.1834648
1962	35	37.814	4919632	722.5120206
1967	35	40.697	5127935	794.8265597
1972	35	43.591	5433886	854.7359763
1977	35	46.137	5889574	743.3870368
1982	35	48.122	6634596	807.1985855
1987	35	49.557	7586551	912.0631417
1992	35	50.26	8878303	931.7527731
1997	35	50.324	10352843	946.2949618
2002	35	50.65	12251209	1037.645221
2007	35	52.295	14326203	1217.032994
1952	36	39.031	2445618	339.2964587
1957	36	40.533	2667518	379.5646281
1962	36	42.045	2961915	355.2032273
1967	36	43.548	3330989	412.9775136
1972	36	44.057	3529983	464.0995039
1977	36	45.91	3834415	556.1032651
1982	36	47.471	4580410	559.603231
1987	36	48.211	5126023	621.8188189
1992	36	44.736	5809236	631.6998778
1997	36	45.326	6121610	463.1151478
2002	36	47.36	7021078	446.4035126
2007	36	49.58	8390505	430.0706916
1952	38	39.417	4693836	368.4692856
1957	38	41.366	5322536	434.0383364
1962	38	43.415	6083619	496.9136476
1967	38	45.415	6960067	523.4323142
1972	38	40.317	7450606	421.6240257
1977	38	31.22	6978607	524.9721832
1982	38	50.957	7272485	624.4754784
1987	38	53.914	8371791	683.8955732
1992	38	55.803	10150094	682.3031755
1997	38	56.534	11782962	734.28517
2002	38	56.752	12926707	896.2260153
2007	38	59.723	14131858	1713.778686
1952	39	38.523	5009067	1172.667655
1957	39	40.428	5359923	1313.048099
1962	39	42.643	5793633	1399.607441
1967	39	44.799	6335506	1508.453148
1972	39	47.049	7021028	1684.146528
1977	39	49.355	7959865	1783.432873
1982	39	52.961	9250831	2367.983282
1987	39	54.985	10780667	2602.664206
1992	39	54.314	12467171	1793.163278
1997	39	52.199	14195809	1694.337469
2002	39	49.856	15929988	1934.011449
2007	39	50.43	17696293	2042.09524
1952	40	68.75	14785584	11367.16112
1957	40	69.96	17010154	12489.95006
1962	40	71.3	18985849	13462.48555
1967	40	72.13	20819767	16076.58803
1972	40	72.88	22284500	18970.57086
1977	40	74.21	23796400	22090.88306
1982	40	75.76	25201900	22898.79214
1987	40	76.86	26549700	26626.51503
1992	40	77.95	28523502	26342.88426
1997	40	78.61	30305843	28954.92589
2002	40	79.77	31902268	33328.96507
2007	40	80.653	33390141	36319.23501
1952	42	35.463	1291695	1071.310713
1957	42	37.464	1392284	1190.844328
1962	42	39.475	1523478	1193.068753
1967	42	41.478	1733638	1136.056615
1972	42	43.457	1927260	1070.013275
1977	42	46.775	2167533	1109.374338
1982	42	48.295	2476971	956.7529907
1987	42	50.485	2840009	844.8763504
1992	42	49.396	3265124	747.9055252
1997	42	46.066	3696513	740.5063317
2002	42	43.308	4048013	738.6906068
2007	42	44.741	4369038	706.016537
1952	43	38.092	2682462	1178.665927
1957	43	39.881	2894855	1308.495577
1962	43	41.716	3150417	1389.817618
1967	43	43.601	3495967	1196.810565
1972	43	45.569	3899068	1104.103987
1977	43	47.383	4388260	1133.98495
1982	43	49.517	4875118	797.9081006
1987	43	51.051	5498955	952.386129
1992	43	51.724	6429417	1058.0643
1997	43	51.573	7562011	1004.961353
2002	43	50.525	8835739	1156.18186
2007	43	50.651	10238807	1704.063724
1952	44	54.745	6377619	3939.978789
1957	44	56.074	7048426	4315.622723
1962	44	57.924	7961258	4519.094331
1967	44	60.523	8858908	5106.654313
1972	44	63.441	9717524	5494.024437
1977	44	67.052	10599793	4756.763836
1982	44	70.565	11487112	5095.665738
1987	44	72.492	12463354	5547.063754
1992	44	74.126	13572994	7596.125964
1997	44	75.816	14599929	10118.05318
2002	44	77.86	15497046	10778.78385
2007	44	78.553	16284741	13171.63885
1952	45	44	556263527	400.448611
1957	45	50.54896	637408000	575.9870009
1962	45	44.50136	665770000	487.6740183
1967	45	58.38112	754550000	612.7056934
1972	45	63.11888	862030000	676.9000921
1977	45	63.96736	943455000	741.2374699
1982	45	65.525	1000281000	962.4213805
1987	45	67.274	1084035000	1378.904018
1992	45	68.69	1164970000	1655.784158
1997	45	70.426	1230075000	2289.234136
2002	45	72.028	1280400000	3119.280896
2007	45	72.961	1318683096	4959.114854
1952	48	50.643	12350771	2144.115096
1957	48	55.118	14485993	2323.805581
1962	48	57.863	17009885	2492.351109
1967	48	59.963	19764027	2678.729839
1972	48	61.623	22542890	3264.660041
1977	48	63.837	25094412	3815.80787
1982	48	66.653	27764644	4397.575659
1987	48	67.768	30964245	4903.2191
1992	48	68.421	34202721	5444.648617
1997	48	70.313	37657830	6117.361746
2002	48	71.682	41008227	5755.259962
2007	48	72.889	44227550	7006.580419
1952	49	40.715	153936	1102.990936
1957	49	42.46	170928	1211.148548
1962	49	44.467	191689	1406.648278
1967	49	46.472	217378	1876.029643
1972	49	48.944	250027	1937.577675
1977	49	50.939	304739	1172.603047
1982	49	52.933	348643	1267.100083
1987	49	54.926	395114	1315.980812
1992	49	57.939	454429	1246.90737
1997	49	60.66	527982	1173.618235
2002	49	62.974	614382	1075.811558
2007	49	65.152	710960	986.1478792
1952	50	39.143	14100005	780.5423257
1957	50	40.652	15577932	905.8602303
1962	50	42.122	17486434	896.3146335
1967	50	44.056	19941073	861.5932424
1972	50	45.989	23007669	904.8960685
1977	50	47.804	26480870	795.757282
1982	50	47.784	30646495	673.7478181
1987	50	47.412	35481645	672.774812
1992	50	45.548	41672143	457.7191807
1997	50	42.587	47798986	312.188423
2002	50	44.966	55379852	241.1658765
2007	50	46.462	64606759	277.5518587
1952	51	42.111	854885	2125.621418
1957	51	45.053	940458	2315.056572
1962	51	48.435	1047924	2464.783157
1967	51	52.04	1179760	2677.939642
1972	51	54.907	1340458	3213.152683
1977	51	55.625	1536769	3259.178978
1982	51	56.695	1774735	4879.507522
1987	51	57.47	2064095	4201.194937
1992	51	56.433	2409073	4016.239529
1997	51	52.962	2800947	3484.164376
2002	51	52.97	3328795	3484.06197
2007	51	55.322	3800610	3632.557798
1952	53	57.206	926317	2627.009471
1957	53	60.026	1112300	2990.010802
1962	53	62.842	1345187	3460.937025
1967	53	65.424	1588717	4161.727834
1972	53	67.849	1834796	5118.146939
1977	53	70.75	2108457	5926.876967
1982	53	73.45	2424367	5262.734751
1987	53	74.752	2799811	5629.915318
1992	53	75.713	3173216	6160.416317
1997	53	77.26	3518107	6677.045314
2002	53	78.123	3834934	7723.447195
2007	53	78.782	4133884	9645.06142
1952	59	40.477	2977019	1388.594732
1957	59	42.469	3300000	1500.895925
1962	59	44.93	3832408	1728.869428
1967	59	47.35	4744870	2052.050473
1972	59	49.801	6071696	2378.201111
1977	59	52.374	7459574	2517.736547
1982	59	53.983	9025951	2602.710169
1987	59	54.655	10761098	2156.956069
1992	59	52.044	12772596	1648.073791
1997	59	47.991	14625967	1786.265407
2002	59	46.832	16252726	1648.800823
2007	59	48.328	18013409	1544.750112
1952	54	61.21	3882229	3119.23652
1957	54	64.77	3991242	4338.231617
1962	54	67.13	4076557	5477.890018
1967	54	68.5	4174366	6960.297861
1972	54	69.61	4225310	9164.090127
1977	54	70.64	4318673	11305.38517
1982	54	70.46	4413368	13221.82184
1987	54	71.52	4484310	13822.58394
1992	54	72.527	4494013	8447.794873
1997	54	73.68	4444595	9875.604515
2002	54	74.876	4481020	11628.38895
2007	54	75.748	4493312	14619.22272
1952	55	59.421	6007797	5586.53878
1957	55	62.325	6640752	6092.174359
1962	55	65.246	7254373	5180.75591
1967	55	68.29	8139332	5690.268015
1972	55	70.723	8831348	5305.445256
1977	55	72.649	9537988	6380.494966
1982	55	73.717	9789224	7316.918107
1987	55	74.174	10239839	7532.924763
1992	55	74.414	10723260	5592.843963
1997	55	76.151	10983007	5431.990415
2002	55	77.158	11226999	6340.646683
2007	55	78.273	11416987	8948.102923
1952	58	66.87	9125183	6876.14025
1957	58	69.03	9513758	8256.343918
1962	58	69.9	9620282	10136.86713
1967	58	70.38	9835109	11399.44489
1972	58	70.29	9862158	13108.4536
1977	58	70.71	10161915	14800.16062
1982	58	70.96	10303704	15377.22855
1987	58	71.58	10311597	16310.4434
1992	58	72.4	10315702	14297.02122
1997	58	74.01	10300707	16048.51424
2002	58	75.51	10256295	17596.21022
2007	58	76.486	10228744	22833.30851
1952	60	70.78	4334000	9692.385245
1957	60	71.81	4487831	11099.65935
1962	60	72.35	4646899	13583.31351
1967	60	72.96	4838800	15937.21123
1972	60	73.47	4991596	18866.20721
1977	60	74.69	5088419	20422.9015
1982	60	74.63	5117810	21688.04048
1987	60	74.8	5127024	25116.17581
1992	60	75.33	5171393	26406.73985
1997	60	76.11	5283663	29804.34567
2002	60	77.18	5374693	32166.50006
2007	60	78.332	5468120	35278.41874
1952	61	34.812	63149	2669.529475
1957	61	37.328	71851	2864.969076
1962	61	39.693	89898	3020.989263
1967	61	42.074	127617	3020.050513
1972	61	44.366	178848	3694.212352
1977	61	46.519	228694	3081.761022
1982	61	48.812	305991	2879.468067
1987	61	50.04	311025	2880.102568
1992	61	51.604	384156	2377.156192
1997	61	53.157	417908	1895.016984
2002	61	53.373	447416	1908.260867
2007	61	54.791	496374	2082.481567
1952	63	45.928	2491346	1397.717137
1957	63	49.828	2923186	1544.402995
1962	63	53.459	3453434	1662.137359
1967	63	56.751	4049146	1653.723003
1972	63	59.631	4671329	2189.874499
1977	63	61.788	5302800	2681.9889
1982	63	63.727	5968349	2861.092386
1987	63	66.046	6655297	2899.842175
1992	63	68.457	7351181	3044.214214
1997	63	69.957	7992357	3614.101285
2002	63	70.847	8650322	4563.808154
2007	63	72.235	9319622	6025.374752
1952	64	48.357	3548753	3522.110717
1957	64	51.356	4058385	3780.546651
1962	64	54.64	4681707	4086.114078
1967	64	56.678	5432424	4579.074215
1972	64	58.796	6298651	5280.99471
1977	64	61.31	7278866	6679.62326
1982	64	64.342	8365850	7213.791267
1987	64	67.231	9545158	6481.776993
1992	64	69.613	10748394	7103.702595
1997	64	72.312	11911819	7429.455877
2002	64	74.173	12921234	5773.044512
2007	64	74.994	13755680	6873.262326
1952	65	41.893	22223309	1418.822445
1957	65	44.444	25009741	1458.915272
1962	65	46.992	28173309	1693.335853
1967	65	49.293	31681188	1814.880728
1972	65	51.137	34807417	2024.008147
1977	65	53.319	38783863	2785.493582
1982	65	56.006	45681811	3503.729636
1987	65	59.797	52799062	3885.46071
1992	65	63.674	59402198	3794.755195
1997	65	67.217	66134291	4173.181797
2002	65	69.806	73312559	4754.604414
2007	65	71.338	80264543	5581.180998
1952	66	45.262	2042865	3048.3029
1957	66	48.57	2355805	3421.523218
1962	66	52.307	2747687	3776.803627
1967	66	55.855	3232927	4358.595393
1972	66	58.207	3790903	4520.246008
1977	66	56.696	4282586	5138.922374
1982	66	56.604	4474873	4098.344175
1987	66	63.154	4842194	4140.442097
1992	66	66.798	5274649	4444.2317
1997	66	69.535	5783439	5154.825496
2002	66	70.734	6353681	5351.568666
2007	66	71.878	6939688	5728.353514
1952	67	34.482	216964	375.6431231
1957	67	35.983	232922	426.0964081
1962	67	37.485	249220	582.8419714
1967	67	38.987	259864	915.5960025
1972	67	40.516	277603	672.4122571
1977	67	42.024	192675	958.5668124
1982	67	43.662	285483	927.8253427
1987	67	45.664	341244	966.8968149
1992	67	47.545	387838	1132.055034
1997	67	48.245	439971	2814.480755
2002	67	49.348	495627	7703.4959
2007	67	51.579	551201	12154.08975
1952	68	35.928	1438760	328.9405571
1957	68	38.047	1542611	344.1618859
1962	68	40.158	1666618	380.9958433
1967	68	42.189	1820319	468.7949699
1972	68	44.142	2260187	514.3242082
1977	68	44.535	2512642	505.7538077
1982	68	43.89	2637297	524.8758493
1987	68	46.453	2915959	521.1341333
1992	68	49.991	3668440	582.8585102
1997	68	53.378	4058319	913.47079
2002	68	55.24	4414865	765.3500015
2007	68	58.04	4906585	641.3695236
1952	71	34.078	20860941	362.1462796
1957	71	36.667	22815614	378.9041632
1962	71	40.059	25145372	419.4564161
1967	71	42.115	27860297	516.1186438
1972	71	43.515	30770372	566.2439442
1977	71	44.51	34617799	556.8083834
1982	71	44.916	38111756	577.8607471
1987	71	46.684	42999530	573.7413142
1992	71	48.091	52088559	421.3534653
1997	71	49.402	59861301	515.8894013
2002	71	50.725	67946797	530.0535319
2007	71	52.947	76511887	690.8055759
1952	75	66.55	4090500	6424.519071
1957	75	67.49	4324000	7545.415386
1962	75	68.75	4491443	9371.842561
1967	75	69.83	4605744	10921.63626
1972	75	70.87	4639657	14358.8759
1977	75	72.52	4738902	15605.42283
1982	75	74.55	4826933	18533.15761
1987	75	74.83	4931729	21141.01223
1992	75	75.7	5041039	20647.16499
1997	75	77.13	5134406	23723.9502
2002	75	78.37	5193039	28204.59057
2007	75	79.313	5238460	33207.0844
1952	76	67.41	42459667	7029.809327
1957	76	68.93	44310863	8662.834898
1962	76	70.51	47124000	10560.48553
1967	76	71.55	49569000	12999.91766
1972	76	72.38	51732000	16107.19171
1977	76	73.83	53165019	18292.63514
1982	76	74.89	54433565	20293.89746
1987	76	76.34	55630100	22066.44214
1992	76	77.46	57374179	24703.79615
1997	76	78.64	58623428	25889.78487
2002	76	79.59	59925035	28926.03234
2007	76	80.657	61083916	30470.0167
1952	80	37.003	420702	4293.476475
1957	80	38.999	434904	4976.198099
1962	80	40.489	455661	6631.459222
1967	80	44.598	489004	8358.761987
1972	80	48.69	537977	11401.94841
1977	80	52.79	706367	21745.57328
1982	80	56.564	753874	15113.36194
1987	80	60.19	880397	11864.40844
1992	80	61.366	985739	13522.15752
1997	80	60.461	1126189	14722.84188
2002	80	56.761	1299304	12521.71392
2007	80	56.735	1454867	13206.48452
1952	81	30	284320	485.2306591
1957	81	32.065	323150	520.9267111
1962	81	33.896	374020	599.650276
1967	81	35.857	439593	734.7829124
1972	81	38.308	517101	756.0868363
1977	81	41.842	608274	884.7552507
1982	81	45.58	715523	835.8096108
1987	81	49.265	848406	611.6588611
1992	81	52.644	1025384	665.6244126
1997	81	55.861	1235767	653.7301704
2002	81	58.041	1457766	660.5855997
2007	81	59.448	1688359	752.7497265
1952	83	67.5	69145952	7144.114393
1957	83	69.1	71019069	10187.82665
1962	83	70.3	73739117	12902.46291
1967	83	70.8	76368453	14745.62561
1972	83	71	78717088	18016.18027
1977	83	72.5	78160773	20512.92123
1982	83	73.8	78335266	22031.53274
1987	83	74.847	77718298	24639.18566
1992	83	76.07	80597764	26505.30317
1997	83	77.34	82011073	27788.88416
2002	83	78.67	82350671	30035.80198
2007	83	79.406	82400996	32170.37442
1952	84	43.149	5581001	911.2989371
1957	84	44.779	6391288	1043.561537
1962	84	46.452	7355248	1190.041118
1967	84	48.072	8490213	1125.69716
1972	84	49.875	9354120	1178.223708
1977	84	51.756	10538093	993.2239571
1982	84	53.744	11400338	876.032569
1987	84	55.729	14168101	847.0061135
1992	84	57.501	16278738	925.060154
1997	84	58.556	18418288	1005.245812
2002	84	58.453	20550751	1111.984578
2007	84	60.022	22873338	1327.60891
1952	86	65.86	7733250	3530.690067
1957	86	67.86	8096218	4916.299889
1962	86	69.51	8448233	6017.190733
1967	86	71	8716441	8513.097016
1972	86	72.34	8888628	12724.82957
1977	86	73.68	9308479	14195.52428
1982	86	75.24	9786480	15268.42089
1987	86	76.67	9974490	16120.52839
1992	86	77.03	10325429	17541.49634
1997	86	77.869	10502372	18747.69814
2002	86	78.256	10603863	22514.2548
2007	86	79.483	10706290	27538.41188
1952	91	42.023	3146381	2428.237769
1957	91	44.142	3640876	2617.155967
1962	91	46.954	4208858	2750.364446
1967	91	50.016	4690773	3242.531147
1972	91	53.738	5149581	4031.408271
1977	91	56.029	5703430	4879.992748
1982	91	58.137	6395630	4820.49479
1987	91	60.782	7326406	4246.485974
1992	91	63.373	8486949	4439.45084
1997	91	66.322	9803875	4684.313807
2002	91	68.978	11178650	4858.347495
2007	91	70.259	12572928	5186.050003
1952	93	33.609	2664249	510.1964923
1957	93	34.558	2876726	576.2670245
1962	93	35.753	3140003	686.3736739
1967	93	37.197	3451418	708.7595409
1972	93	38.842	3811387	741.6662307
1977	93	40.762	4227026	874.6858643
1982	93	42.891	4710497	857.2503577
1987	93	45.552	5650262	805.5724718
1992	93	48.576	6990574	794.3484384
1997	93	51.455	8048834	869.4497668
2002	93	53.676	8807818	945.5835837
2007	93	56.007	9947814	942.6542111
1952	94	32.5	580653	299.850319
1957	94	33.489	601095	431.7904566
1962	94	34.488	627820	522.0343725
1967	94	35.492	601287	715.5806402
1972	94	36.486	625361	820.2245876
1977	94	37.465	745228	764.7259628
1982	94	39.327	825987	838.1239671
1987	94	41.245	927524	736.4153921
1992	94	43.266	1050938	745.5398706
1997	94	44.873	1193708	796.6644681
2002	94	45.504	1332459	575.7047176
2007	94	46.388	1472041	579.231743
1952	96	37.579	3201488	1840.366939
1957	96	40.696	3507701	1726.887882
1962	96	43.59	3880130	1796.589032
1967	96	46.243	4318137	1452.057666
1972	96	48.042	4698301	1654.456946
1977	96	49.923	4908554	1874.298931
1982	96	51.461	5198399	2011.159549
1987	96	53.636	5756203	1823.015995
1992	96	55.089	6326682	1456.309517
1997	96	56.671	6913545	1341.726931
2002	96	58.137	7607651	1270.364932
2007	96	60.916	8502814	1201.637154
1952	99	41.912	1517453	2194.926204
1957	99	44.665	1770390	2220.487682
1962	99	48.041	2090162	2291.156835
1967	99	50.924	2500689	2538.269358
1972	99	53.884	2965146	2529.842345
1977	99	57.402	3055235	3203.208066
1982	99	60.909	3669448	3121.760794
1987	99	64.492	4372203	3023.096699
1992	99	66.399	5077347	3081.694603
1997	99	67.659	5867957	3160.454906
2002	99	68.565	6677328	3099.72866
2007	99	70.198	7483763	3548.330846
1952	100	60.96	2125900	3054.421209
1957	100	64.75	2736300	3629.076457
1962	100	67.65	3305200	4692.648272
1967	100	70	3722800	6197.962814
1972	100	72	4115700	8315.928145
1977	100	73.6	4583700	11186.14125
1982	100	75.45	5264500	14560.53051
1987	100	76.2	5584510	20038.47269
1992	100	77.601	5829696	24757.60301
1997	100	80	6495918	28377.63219
2002	100	81.495	6762476	30209.01516
2007	100	82.208	6980412	39724.97867
1952	101	64.03	9504000	5263.673816
1957	101	66.41	9839000	6040.180011
1962	101	67.96	10063000	7550.359877
1967	101	69.5	10223422	9326.64467
1972	101	69.76	10394091	10168.65611
1977	101	69.95	10637171	11674.83737
1982	101	69.39	10705535	12545.99066
1987	101	69.58	10612740	12986.47998
1992	101	69.17	10348684	10535.62855
1997	101	71.04	10244684	11712.7768
2002	101	72.59	10083313	14843.93556
2007	101	73.338	9956108	18008.94444
1952	102	72.49	147962	7267.688428
1957	102	73.47	165110	9244.001412
1962	102	73.68	182053	10350.15906
1967	102	73.73	198676	13319.89568
1972	102	74.46	209275	15798.06362
1977	102	76.11	221823	19654.96247
1982	102	76.99	233997	23269.6075
1987	102	77.23	244676	26923.20628
1992	102	78.77	259012	25144.39201
1997	102	78.95	271192	28061.09966
2002	102	80.5	288030	31163.20196
2007	102	81.757	301931	36180.78919
1952	103	37.373	372000000	546.5657493
1957	103	40.249	409000000	590.061996
1962	103	43.605	454000000	658.3471509
1967	103	47.193	506000000	700.7706107
1972	103	50.651	567000000	724.032527
1977	103	54.208	634000000	813.337323
1982	103	56.596	708000000	855.7235377
1987	103	58.553	788000000	976.5126756
1992	103	60.223	872000000	1164.406809
1997	103	61.765	959000000	1458.817442
2002	103	62.879	1034172547	1746.769454
2007	103	64.698	1110396331	2452.210407
1952	104	37.468	82052000	749.6816546
1957	104	39.918	90124000	858.9002707
1962	104	42.518	99028000	849.2897701
1967	104	45.964	109343000	762.4317721
1972	104	49.203	121282000	1111.107907
1977	104	52.702	136725000	1382.702056
1982	104	56.159	153343000	1516.872988
1987	104	60.137	169276000	1748.356961
1992	104	62.681	184816000	2383.140898
1997	104	66.041	199278000	3119.335603
2002	104	68.588	211060000	2873.91287
2007	104	70.65	223547000	3540.651564
1952	105	44.869	17272000	3035.326002
1957	105	47.181	19792000	3290.257643
1962	105	49.325	22874000	4187.329802
1967	105	52.469	26538000	5906.731805
1972	105	55.234	30614000	9613.818607
1977	105	57.702	35480679	11888.59508
1982	105	59.62	43072751	7608.334602
1987	105	63.04	51889696	6642.881371
1992	105	65.742	60397973	7235.653188
1997	105	68.042	63327987	8263.590301
2002	105	69.451	66907826	9240.761975
2007	105	70.964	69453570	11605.71449
1952	106	45.32	5441766	4129.766056
1957	106	48.437	6248643	6229.333562
1962	106	51.457	7240260	8341.737815
1967	106	54.459	8519282	8931.459811
1972	106	56.95	10061506	9576.037596
1977	106	60.413	11882916	14688.23507
1982	106	62.038	14173318	14517.90711
1987	106	65.044	16543189	11643.57268
1992	106	59.461	17861905	3745.640687
1997	106	58.811	20775703	3076.239795
2002	106	57.046	24001816	4390.717312
2007	106	59.545	27499638	4471.061906
1952	107	66.91	2952156	5210.280328
1957	107	68.9	2878220	5599.077872
1962	107	70.29	2830000	6631.597314
1967	107	71.08	2900100	7655.568963
1972	107	71.28	3024400	9530.772896
1977	107	72.03	3271900	11150.98113
1982	107	73.1	3480000	12618.32141
1987	107	74.36	3539900	13872.86652
1992	107	75.467	3557761	17558.81555
1997	107	76.122	3667233	24521.94713
2002	107	77.783	3879155	34077.04939
2007	107	78.885	4109086	40675.99635
1952	109	65.39	1620914	4086.522128
1957	109	67.84	1944401	5385.278451
1962	109	69.39	2310904	7105.630706
1967	109	70.75	2693585	8393.741404
1972	109	71.63	3095893	12786.93223
1977	109	73.06	3495918	13306.61921
1982	109	74.45	3858421	15367.0292
1987	109	75.6	4203148	17122.47986
1992	109	76.93	4936550	18051.52254
1997	109	78.269	5531387	20896.60924
2002	109	79.696	6029529	21905.59514
2007	109	80.745	6426679	25523.2771
1952	110	65.94	47666000	4931.404155
1957	110	67.81	49182000	6248.656232
1962	110	69.24	50843200	8243.58234
1967	110	71.06	52667100	10022.40131
1972	110	72.19	54365564	12269.27378
1977	110	73.48	56059245	14255.98475
1982	110	74.98	56535636	16537.4835
1987	110	76.42	56729703	19207.23482
1992	110	77.44	56840847	22013.64486
1997	110	78.82	57479469	24675.02446
2002	110	80.24	57926999	27968.09817
2007	110	80.546	58147733	28569.7197
1952	111	58.53	1426095	2898.530881
1957	111	62.61	1535090	4756.525781
1962	111	65.61	1665128	5246.107524
1967	111	67.51	1861096	6124.703451
1972	111	69	1997616	7433.889293
1977	111	70.11	2156814	6650.195573
1982	111	71.21	2298309	6068.05135
1987	111	71.77	2326606	6351.237495
1992	111	71.766	2378618	7404.923685
1997	111	72.262	2531311	7121.924704
2002	111	72.047	2664659	6994.774861
2007	111	72.567	2780132	7320.880262
1952	112	63.03	86459025	3216.956347
1957	112	65.5	91563009	4317.694365
1962	112	68.73	95831757	6576.649461
1967	112	71.43	100825279	9847.788607
1972	112	73.42	107188273	14778.78636
1977	112	75.38	113872473	16610.37701
1982	112	77.11	118454974	19384.10571
1987	112	78.67	122091325	22375.94189
1992	112	79.36	124329269	26824.89511
1997	112	80.69	125956499	28816.58499
2002	112	82	127065841	28604.5919
2007	112	82.603	127467972	31656.06806
1952	114	43.158	607914	1546.907807
1957	114	45.669	746559	1886.080591
1962	114	48.126	933559	2348.009158
1967	114	51.629	1255058	2741.796252
1972	114	56.528	1613551	2110.856309
1977	114	61.134	1937652	2852.351568
1982	114	63.739	2347031	4161.415959
1987	114	65.869	2820042	4448.679912
1992	114	68.015	3867409	3431.593647
1997	114	69.772	4526235	3645.379572
2002	114	71.263	5307470	3844.917194
2007	114	72.535	6053193	4519.461171
1952	116	42.27	6464046	853.540919
1957	116	44.686	7454779	944.4383152
1962	116	47.949	8678557	896.9663732
1967	116	50.654	10191512	1056.736457
1972	116	53.559	12044785	1222.359968
1977	116	56.155	14500404	1267.613204
1982	116	58.766	17661452	1348.225791
1987	116	59.339	21198082	1361.936856
1992	116	59.285	25020539	1341.921721
1997	116	54.407	28263827	1360.485021
2002	116	50.992	31386842	1287.514732
2007	116	54.11	35610177	1463.249282
1952	118	50.056	8865488	1088.277758
1957	118	54.081	9411381	1571.134655
1962	118	56.656	10917494	1621.693598
1967	118	59.942	12617009	2143.540609
1972	118	63.983	14781241	3701.621503
1977	118	67.159	16325320	4106.301249
1982	118	69.1	17647518	4106.525293
1987	118	70.647	19067554	4106.492315
1992	118	69.978	20711375	3726.063507
1997	118	67.727	21585105	1690.756814
2002	118	66.662	22215365	1646.758151
2007	118	67.297	23301725	1593.06548
1952	119	47.453	20947571	1030.592226
1957	119	52.681	22611552	1487.593537
1962	119	55.292	26420307	1536.344387
1967	119	57.716	30131000	2029.228142
1972	119	62.612	33505000	3030.87665
1977	119	64.766	36436000	4657.22102
1982	119	67.123	39326000	5622.942464
1987	119	69.81	41622000	8533.088805
1992	119	72.244	43805450	12104.27872
1997	119	74.647	46173816	15993.52796
2002	119	77.045	47969150	19233.98818
2007	119	78.623	49044790	23348.13973
1952	120	55.565	160000	108382.3529
1957	120	58.033	212846	113523.1329
1962	120	60.47	358266	95458.11176
1967	120	64.624	575003	80894.88326
1972	120	67.712	841934	109347.867
1977	120	69.343	1140357	59265.47714
1982	120	71.309	1497494	31354.03573
1987	120	74.174	1891487	28118.42998
1992	120	75.19	1418095	34932.91959
1997	120	76.156	1765345	40300.619960000004
2002	120	76.904	2111561	35110.10566
2007	120	77.588	2505559	47306.98978
1952	124	55.928	1439529	4834.804067
1957	124	59.489	1647412	6089.786934
1962	124	62.094	1886848	5714.560611
1967	124	63.87	2186894	6006.983042
1972	124	65.421	2680018	7486.384341
1977	124	66.099	3115787	8659.696836
1982	124	66.983	3086876	7640.519521
1987	124	67.926	3089353	5377.091329
1992	124	69.292	3219994	6890.806854
1997	124	70.265	3430388	8754.96385
2002	124	71.028	3677780	9313.93883
2007	124	71.993	3921278	10461.05868
1952	125	42.138	748747	298.8462121
1957	125	45.047	813338	335.9971151
1962	125	47.747	893143	411.8006266
1967	125	48.492	996380	498.6390265
1972	125	49.767	1116779	496.5815922
1977	125	52.208	1251524	745.3695408
1982	125	55.078	1411807	797.2631074
1987	125	57.18	1599200	773.9932141
1992	125	59.685	1803195	977.4862725
1997	125	55.558	1982823	1186.147994
2002	125	44.593	2046772	1275.184575
2007	125	42.592	2012649	1569.331442
1952	126	38.48	863308	575.5729961
1957	126	39.486	975950	620.9699901
1962	126	40.502	1112796	634.1951625
1967	126	41.536	1279406	713.6036483
1972	126	42.614	1482628	803.0054535
1977	126	43.764	1703617	640.3224383
1982	126	44.852	1956875	572.1995694
1987	126	46.027	2269414	506.1138573
1992	126	40.802	1912974	636.6229191
1997	126	42.221	2200725	609.17395079999994
2002	126	43.753	2814651	531.4823679
2007	126	45.678	3193942	414.5073415
1952	127	42.723	1019729	2387.54806
1957	127	45.289	1201578	3448.284395
1962	127	47.808	1441863	6757.030816
1967	127	50.227	1759224	18772.75169
1972	127	52.773	2183877	21011.49721
1977	127	57.442	2721783	21951.21176
1982	127	62.155	3344074	17364.27538
1987	127	66.234	3799845	11770.5898
1992	127	68.755	4364501	9640.138501
1997	127	71.555	4759670	9467.446056
2002	127	72.737	5368585	9534.677467
2007	127	73.952	6036914	12057.49928
1952	132	36.681	4762912	1443.011715
1957	132	38.865	5181679	1589.20275
1962	132	40.848	5703324	1643.38711
1967	132	42.881	6334556	1634.047282
1972	132	44.851	7082430	1748.562982
1977	132	46.881	8007166	1544.228586
1982	132	48.969	9171477	1302.878658
1987	132	49.35	10568642	1155.441948
1992	132	52.214	12210395	1040.67619
1997	132	54.978	14165114	986.2958956
2002	132	57.286	16473477	894.6370822
2007	132	59.443	19167654	1044.770126
1952	133	36.256	2917802	369.1650802
1957	133	37.207	3221238	416.3698064
1962	133	38.41	3628608	427.9010856
1967	133	39.487	4147252	495.5147806
1972	133	41.766	4730997	584.6219709
1977	133	43.767	5637246	663.2236766
1982	133	45.642	6502825	632.8039209
1987	133	47.457	7824747	635.5173634
1992	133	49.42	10014249	563.2000145
1997	133	47.495	10419991	692.2758103
2002	133	45.009	11824495	665.4231186
2007	133	48.303	13327079	759.3499101
1952	134	48.463	6748378	1831.132894
1957	134	52.102	7739235	1810.066992
1962	134	55.737	8906385	2036.884944
1967	134	59.371	10154878	2277.742396
1972	134	63.01	11441462	2849.09478
1977	134	65.256	12845381	3827.921571
1982	134	68	14441916	4920.355951
1987	134	69.5	16331785	5249.802653
1992	134	70.693	18319502	7277.912802
1997	134	71.938	20476091	10132.90964
2002	134	73.044	22662365	10206.97794
2007	134	74.241	24821286	12451.6558
1952	136	33.685	3838168	452.3369807
1957	136	35.307	4241884	490.3821867
1962	136	36.936	4690372	496.1743428
1967	136	38.487	5212416	545.0098873
1972	136	39.977	5828158	581.3688761
1977	136	41.714	6491649	686.3952693
1982	136	43.916	6998256	618.0140641
1987	136	46.364	7634008	684.1715576
1992	136	48.388	8416215	739.014375
1997	136	49.903	9384984	790.2579846
2002	136	51.818	10580176	951.4097518
2007	136	54.467	12031795	1042.581557
1952	140	40.543	1022556	743.1159097
1957	140	42.338	1076852	846.1202613
1962	140	44.248	1146757	1055.896036
1967	140	46.289	1230542	1421.145193
1972	140	48.437	1332786	1586.851781
1977	140	50.852	1456688	1497.492223
1982	140	53.599	1622136	1481.150189
1987	140	56.145	1841240	1421.603576
1992	140	58.333	2119465	1361.369784
1997	140	60.43	2444741	1483.136136
2002	140	62.247	2828858	1579.019543
2007	140	64.164	3270065	1803.151496
1952	141	50.986	516556	1967.955707
1957	141	58.089	609816	2034.037981
1962	141	60.246	701016	2529.067487
1967	141	61.557	789309	2475.387562
1972	141	62.944	851334	2575.484158
1977	141	64.93	913025	3710.982963
1982	141	66.711	992040	3688.037739
1987	141	68.74	1042663	4783.586903
1992	141	69.745	1096202	6058.253846
1997	141	70.736	1149818	7425.705295
2002	141	71.954	1200206	9021.815894
2007	141	72.801	1250882	10956.99112
1952	143	50.789	30144317	3478.125529
1957	143	55.19	35015548	4131.546641
1962	143	58.299	41121485	4581.609385
1967	143	60.11	47995559	5754.733883
1972	143	62.361	55984294	6809.40669
1977	143	65.032	63759976	7674.929108
1982	143	67.405	71640904	9611.147541
1987	143	69.498	80122492	8688.156003
1992	143	71.455	88111030	9472.384295
1997	143	73.67	95895146	9767.29753
2002	143	74.902	102479927	10742.44053
2007	143	76.195	108700891	11977.57496
1952	147	42.244	800663	786.5668575
1957	147	45.248	882134	912.6626085
1962	147	48.251	1010280	1056.353958
1967	147	51.253	1149500	1226.04113
1972	147	53.754	1320500	1421.741975
1977	147	55.491	1528000	1647.511665
1982	147	57.489	1756032	2000.603139
1987	147	60.222	2015133	2338.008304
1992	147	61.271	2312802	1785.402016
1997	147	63.625	2494803	1902.2521
2002	147	65.033	2674234	2140.739323
2007	147	66.803	2874127	3095.772271
1952	148	59.164	413834	2647.585601
1957	148	61.448	442829	3682.259903
1962	148	63.728	474528	4649.593785
1967	148	67.178	501035	5907.850937
1972	148	70.636	527678	7778.414017
1977	148	73.066	560073	9595.929905
1982	148	74.101	562548	11222.58762
1987	148	74.865	569473	11732.51017
1992	148	75.435	621621	7003.339037
1997	148	75.445	692651	6465.613349
2002	148	73.981	720230	6557.194282
2007	148	74.543	684736	9253.896111
1952	150	42.873	9939217	1688.20357
1957	150	45.423	11406350	1642.002314
1962	150	47.924	13056604	1566.353493
1967	150	50.335	14770296	1711.04477
1972	150	52.862	16660670	1930.194975
1977	150	55.73	18396941	2370.619976
1982	150	59.65	20198730	2702.620356
1987	150	62.677	22987397	2755.046991
1992	150	65.393	25798239	2948.047252
1997	150	67.66	28529501	2982.101858
2002	150	69.615	31167783	3258.495584
2007	150	71.164	33757175	3820.17523
1952	151	31.286	6446316	468.5260381
1957	151	33.779	7038035	495.5868333
1962	151	36.161	7788944	556.6863539
1967	151	38.113	8680909	566.6691539
1972	151	40.328	9809596	724.9178037
1977	151	42.495	11127868	502.3197334
1982	151	42.795	12587223	462.2114149
1987	151	42.861	12891952	389.8761846
1992	151	44.284	13160731	410.8968239
1997	151	46.344	16603334	472.3460771
2002	151	44.026	18473780	633.6179466
2007	151	42.082	19951656	823.6856205
1952	152	36.319	20092996	331
1957	152	41.905	21731844	350
1962	152	45.108	23634436	388
1967	152	49.379	25870271	349
1972	152	53.07	28466390	357
1977	152	56.059	31528087	371
1982	152	58.056	34680442	424
1987	152	58.339	38028578	385
1992	152	59.32	40546538	347
1997	152	60.328	43247867	415
2002	152	59.908	45598081	611
2007	152	62.069	47761980	944
1952	153	41.725	485831	2423.780443
1957	153	45.226	548080	2621.448058
1962	153	48.386	621392	3173.215595
1967	153	51.159	706640	3793.694753
1972	153	53.867	821782	3746.080948
1977	153	56.437	977026	3876.485958
1982	153	58.968	1099010	4191.100511
1987	153	60.835	1278184	3693.731337
1992	153	61.999	1554253	3804.537999
1997	153	58.909	1774766	3899.52426
2002	153	51.479	1972153	4072.324751
2007	153	52.906	2055080	4811.060429
1952	155	36.157	9182536	545.8657229
1957	155	37.686	9682338	597.9363558
1962	155	39.393	10332057	652.3968593
1967	155	41.472	11261690	676.4422254
1972	155	43.971	12412593	674.7881296
1977	155	46.748	13933198	694.1124398
1982	155	49.594	15796314	718.3730947
1987	155	52.537	17917180	775.6324501
1992	155	55.727	20326209	897.7403604
1997	155	59.426	23001113	1010.892138
2002	155	61.34	25873917	1057.206311
2007	155	63.785	28901790	1091.359778
1952	156	72.13	10381988	8941.571858
1957	156	72.99	11026383	11276.19344
1962	156	73.23	11805689	12790.84956
1967	156	73.82	12596822	15363.25136
1972	156	73.75	13329874	18794.74567
1977	156	75.24	13852989	21209.0592
1982	156	76.05	14310401	21399.46046
1987	156	76.83	14665278	23651.32361
1992	156	77.42	15174244	26790.94961
1997	156	78.03	15604464	30246.13063
2002	156	78.53	16122830	33724.75778
2007	156	79.762	16570613	36797.93332
1952	158	69.39	1994794	10556.57566
1957	158	70.26	2229407	12247.39532
1962	158	71.24	2488550	13175.678
1967	158	71.52	2728150	14463.91893
1972	158	71.89	2929100	16046.03728
1977	158	72.22	3164900	16233.7177
1982	158	73.84	3210650	17632.4104
1987	158	74.32	3317166	19007.19129
1992	158	76.33	3437674	18363.32494
1997	158	77.55	3676187	21050.41377
2002	158	79.11	3908037	23189.80135
2007	158	80.204	4115771	25185.00911
1952	159	42.314	1165790	3112.363948
1957	159	45.432	1358828	3457.415947
1962	159	48.632	1590597	3634.364406
1967	159	51.884	1865490	4643.393534
1972	159	55.151	2182908	4688.593267
1977	159	57.47	2554598	5486.371089
1982	159	59.298	2979423	3470.338156
1987	159	62.008	3344353	2955.984375
1992	159	65.843	4017939	2170.151724
1997	159	68.426	4609572	2253.023004
2002	159	70.836	5146848	2474.548819
2007	159	72.899	5675356	2749.320965
1952	160	37.444	3379468	761.879376
1957	160	38.598	3692184	835.5234025
1962	160	39.487	4076008	997.7661127
1967	160	40.118	4534062	1054.384891
1972	160	40.546	5060262	954.2092363
1977	160	41.291	5682086	808.8970728
1982	160	42.598	6437188	909.7221354
1987	160	44.555	7332638	668.3000228
1992	160	47.391	8392818	581.182725
1997	160	51.313	9666252	580.3052092
2002	160	54.496	11140655	601.0745012
2007	160	56.867	12894865	619.6768924
1952	161	36.324	33119096	1077.281856
1957	161	37.802	37173340	1100.592563
1962	161	39.36	41871351	1150.927478
1967	161	41.04	47287752	1014.514104
1972	161	42.821	53740085	1698.388838
1977	161	44.514	62209173	1981.951806
1982	161	45.826	73039376	1576.97375
1987	161	46.886	81551520	1385.029563
1992	161	47.472	93364244	1619.848217
1997	161	47.464	106207839	1624.941275
2002	161	46.608	119901274	1615.286395
2007	161	46.859	135031164	2013.977305
1952	166	72.67	3327728	10095.42172
1957	166	73.44	3491938	11653.97304
1962	166	73.47	3638919	13450.40151
1967	166	74.08	3786019	16361.87647
1972	166	74.34	3933004	18965.05551
1977	166	75.37	4043205	23311.34939
1982	166	75.97	4114787	26298.63531
1987	166	75.89	4186147	31540.9748
1992	166	77.32	4286357	33965.66115
1997	166	78.32	4405672	41283.16433
2002	166	79.05	4535591	44683.97525
2007	166	80.196	4627926	49357.19017
1952	167	37.578	507833	1828.230307
1957	167	40.08	561977	2242.746551
1962	167	43.165	628164	2924.638113
1967	167	46.988	714775	4720.942687
1972	167	52.143	829050	10618.03855
1977	167	57.367	1004533	11848.34392
1982	167	62.728	1301048	12954.79101
1987	167	67.734	1593882	18115.22313
1992	167	71.197	1915208	18616.70691
1997	167	72.499	2283635	19702.05581
2002	167	74.193	2713462	19774.83687
2007	167	75.64	3204897	22316.19287
1952	168	43.436	41346560	684.5971438
1957	168	45.557	46679944	747.0835292
1962	168	47.67	53100671	803.3427418
1967	168	49.8	60641899	942.4082588
1972	168	51.929	69325921	1049.938981
1977	168	54.043	78152686	1175.921193
1982	168	56.158	91462088	1443.429832
1987	168	58.245	105186881	1704.686583
1992	168	60.838	120065004	1971.829464
1997	168	61.818	135564834	2049.350521
2002	168	63.61	153403524	2092.712441
2007	168	65.483	169270617	2605.94758
1952	171	55.191	940080	2480.380334
1957	171	59.201	1063506	2961.800905
1962	171	61.817	1215725	3536.540301
1967	171	64.071	1405486	4421.009084
1972	171	66.216	1616384	5364.249663
1977	171	68.681	1839782	5351.912144
1982	171	70.472	2036305	7009.601598
1987	171	71.523	2253639	7034.779161
1992	171	72.462	2484997	6618.74305
1997	171	73.738	2734531	7113.692252
2002	171	74.712	2990875	7356.031934
2007	171	75.537	3242173	9809.185636
1952	173	62.649	1555876	1952.308701
1957	173	63.196	1770902	2046.154706
1962	173	64.361	2009813	2148.027146
1967	173	64.951	2287985	2299.376311
1972	173	65.815	2614104	2523.337977
1977	173	66.353	2984494	3248.373311
1982	173	66.874	3366439	4258.503604
1987	173	67.378	3886512	3998.875695
1992	173	68.225	4483945	4196.411078
1997	173	69.4	5154123	4247.400261
2002	173	70.755	5884491	3783.674243
2007	173	71.752	6667147	4172.838464
1952	174	43.902	8025700	3758.523437
1957	174	46.263	9146100	4245.256698
1962	174	49.096	10516500	4957.037982
1967	174	51.445	12132200	5788.09333
1972	174	55.448	13954700	5937.827283
1977	174	58.447	15990099	6281.290855
1982	174	61.406	18125129	6434.501797
1987	174	64.134	20195924	6360.9434440000005
1992	174	66.458	22430449	4446.380924
1997	174	68.386	24748122	5838.347657
2002	174	69.906	26769436	5909.020073
2007	174	71.421	28674757	7408.905561
1952	175	47.752	22438691	1272.880995
1957	175	51.334	26072194	1547.944844
1962	175	54.757	30325264	1649.552153
1967	175	56.393	35356600	1814.12743
1972	175	58.065	40850141	1989.37407
1977	175	60.06	46850962	2373.204287
1982	175	62.082	53456774	2603.273765
1987	175	64.151	60017788	2189.634995
1992	175	66.458	67185766	2279.324017
1997	175	68.564	75012988	2536.534925
2002	175	70.303	82995088	2650.921068
2007	175	71.688	91077287	3190.481016
1952	177	61.31	25730551	4029.329699
1957	177	65.77	28235346	4734.253019
1962	177	67.64	30329617	5338.752143
1967	177	69.61	31785378	6557.152776
1972	177	70.85	33039545	8006.506993
1977	177	70.67	34621254	9508.141454
1982	177	71.32	36227381	8451.531004
1987	177	70.98	37740710	9082.351172
1992	177	70.99	38370697	7738.881247
1997	177	72.75	38654957	10159.58368
2002	177	74.67	38625976	12002.23908
2007	177	75.563	38518241	15389.92468
1952	178	59.82	8526050	3068.319867
1957	178	61.51	8817650	3774.571743
1962	178	64.39	9019800	4727.954889
1967	178	66.6	9103000	6361.517993
1972	178	69.26	8970450	9022.247417
1977	178	70.41	9662600	10172.48572
1982	178	72.77	9859650	11753.84291
1987	178	74.06	9915289	13039.30876
1992	178	74.86	9927680	16207.26663
1997	178	75.97	10156415	17641.03156
2002	178	77.29	10433867	19970.90787
2007	178	78.098	10642836	20509.64777
1952	179	64.28	2227000	3081.959785
1957	179	68.54	2260000	3907.156189
1962	179	69.62	2448046	5108.34463
1967	179	71.1	2648961	6929.277714
1972	179	72.16	2847132	9123.041742
1977	179	73.44	3080828	9770.524921
1982	179	73.75	3279001	10330.98915
1987	179	74.63	3444468	12281.34191
1992	179	73.911	3585176	14641.58711
1997	179	74.917	3759430	16999.4333
2002	179	77.778	3859606	18855.60618
2007	179	78.746	3942491	19328.70901
1952	184	52.724	257700	2718.885295
1957	184	55.09	308700	2769.451844
1962	184	57.666	358900	3173.72334
1967	184	60.542	414024	4021.175739
1972	184	64.274	461633	5047.658563
1977	184	67.064	492095	4319.804067
1982	184	69.885	517810	5267.219353
1987	184	71.913	562035	5303.377488
1992	184	73.615	622191	6101.255823
1997	184	74.772	684810	6071.941411
2002	184	75.744	743981	6316.1652
2007	184	76.442	798094	7670.122558
1952	181	61.05	16630000	3144.613186
1957	181	64.1	17829327	3943.370225
1962	181	66.8	18680721	4734.997586
1967	181	66.8	19284814	6470.866545
1972	181	69.21	20662648	8011.414402
1977	181	69.46	21658597	9356.39724
1982	181	69.66	22356726	9605.314053
1987	181	69.53	22686371	9696.273295
1992	181	69.36	22797027	6598.409903
1997	181	69.72	22562458	7346.547557
2002	181	71.322	22404337	7885.360081
2007	181	72.476	22276056	10808.47561
1952	183	40	2534927	493.3238752
1957	183	41.5	2822082	540.2893983
1962	183	43	3051242	597.4730727
1967	183	44.1	3451079	510.9637142
1972	183	44.6	3992121	590.5806638
1977	183	45	4657072	670.0806011
1982	183	46.218	5507565	881.5706467
1987	183	44.02	6349365	847.991217
1992	183	23.599	7290203	737.0685949
1997	183	36.087	7212583	589.9445051
2002	183	43.413	7852401	785.6537648
2007	183	46.242	8860588	863.0884639
1952	194	46.471	60011	879.5835855
1957	194	48.945	61325	860.7369026
1962	194	51.893	65345	1071.551119
1967	194	54.425	70787	1384.840593
1972	194	56.48	76595	1532.985254
1977	194	58.55	86796	1737.561657
1982	194	60.351	98593	1890.218117
1987	194	61.728	110812	1516.525457
1992	194	62.742	125911	1428.777814
1997	194	63.306	145608	1339.076036
2002	194	64.337	170372	1353.09239
2007	194	65.528	199579	1598.435089
1952	195	39.875	4005677	6459.554823
1957	195	42.868	4419650	8157.591248
1962	195	45.914	4943029	11626.41975
1967	195	49.901	5618198	16903.04886
1972	195	53.886	6472756	24837.42865
1977	195	58.69	8128505	34167.7626
1982	195	63.012	11254672	33693.17525
1987	195	66.295	14619745	21198.26136
1992	195	68.768	16945857	24841.61777
1997	195	70.533	21229759	20586.69019
2002	195	71.626	24501530	19014.54118
2007	195	72.777	27601038	21654.83194
1952	196	37.278	2755589	1450.356983
1957	196	39.329	3054547	1567.653006
1962	196	41.454	3430243	1654.988723
1967	196	43.563	3965841	1612.404632
1972	196	45.815	4588696	1597.712056
1977	196	48.879	5260855	1561.769116
1982	196	52.379	6147783	1518.479984
1987	196	55.769	7171347	1441.72072
1992	196	58.196	8307920	1367.899369
1997	196	60.187	9535314	1392.368347
2002	196	61.6	10870037	1519.635262
2007	196	63.062	12267493	1712.472136
1952	197	57.996	6860147	3581.459448
1957	197	61.685	7271135	4981.090891
1962	197	64.531	7616060	6289.629157
1967	197	66.914	7971222	7991.707066
1972	197	68.7	8313288	10522.06749
1977	197	70.3	8686367	12980.66956
1982	197	70.162	9032824	15181.0927
1987	197	71.218	9230783	15870.87851
1992	197	71.659	9826397	9325.068238
1997	197	72.232	10336594	7914.320304
2002	197	73.213	10111559	7236.075251
2007	197	74.002	10150265	9786.534714
1952	199	30.331	2143249	879.7877358
1957	199	31.57	2295678	1004.484437
1962	199	32.767	2467895	1116.639877
1967	199	34.113	2662190	1206.043465
1972	199	35.4	2879013	1353.759762
1977	199	36.788	3140897	1348.285159
1982	199	38.445	3464522	1465.010784
1987	199	40.006	3868905	1294.447788
1992	199	38.333	4260884	1068.696278
1997	199	39.897	4578212	574.6481576
2002	199	41.012	5359092	699.489713
2007	199	42.568	6144562	862.5407561
1952	200	60.396	1127000	2315.138227
1957	200	63.179	1445929	2843.104409
1962	200	65.798	1750200	3674.735572
1967	200	67.946	1977600	4977.41854
1972	200	69.521	2152400	8597.756202
1977	200	70.795	2325300	11210.08948
1982	200	71.76	2651869	15169.16112
1987	200	73.56	2794552	18861.53081
1992	200	75.788	3235865	24769.8912
1997	200	77.158	3802309	33519.4766
2002	200	78.77	4197776	36023.1054
2007	200	79.972	4553009	47143.17964
1952	202	64.36	3558137	5074.659104
1957	202	67.45	3844277	6093.26298
1962	202	70.33	4237384	7481.107598
1967	202	70.98	4442238	8412.902397
1972	202	70.35	4593433	9674.167626
1977	202	70.45	4827803	10922.66404
1982	202	70.8	5048043	11348.54585
1987	202	71.08	5199318	12037.26758
1992	202	71.38	5302888	9498.467723
1997	202	72.71	5383010	12126.23065
2002	202	73.8	5410052	13638.77837
2007	202	74.663	5447502	18678.31435
1952	203	65.57	1489518	4215.041741
1957	203	67.85	1533070	5862.276629
1962	203	69.15	1582962	7402.303395
1967	203	69.18	1646912	9405.489397
1972	203	69.82	1694510	12383.4862
1977	203	70.97	1746919	15277.03017
1982	203	71.063	1861252	17866.72175
1987	203	72.25	1945870	18678.53492
1992	203	73.64	1999210	14214.71681
1997	203	75.13	2011612	17161.10735
2002	203	76.66	2011497	20660.01936
2007	203	77.926	2009245	25768.25759
1952	205	32.978	2526994	1135.749842
1957	205	34.977	2780415	1258.147413
1962	205	36.981	3080153	1369.488336
1967	205	38.977	3428839	1284.73318
1972	205	40.973	3840161	1254.576127
1977	205	41.974	4353666	1450.992513
1982	205	42.955	5828892	1176.807031
1987	205	44.501	6921858	1093.244963
1992	205	39.658	6099799	926.9602964
1997	205	43.795	6633514	930.5964284
2002	205	45.936	7753310	882.0818218
2007	205	48.159	9118773	926.1410683
1952	206	45.009	14264935	4725.295531
1957	206	47.985	16151549	5487.104219
1962	206	49.951	18356657	5768.729717
1967	206	51.927	20997321	7114.477971
1972	206	53.696	23935810	7765.962636
1977	206	55.527	27129932	8028.651439
1982	206	58.161	31140029	8568.266228
1987	206	60.834	35933379	7825.823398
1992	206	61.888	39964159	7225.069258
1997	206	60.236	42835005	7479.188244
2002	206	53.365	44433622	7710.946444
2007	206	49.339	43997828	9269.657808
1952	209	64.94	28549870	3834.034742
1957	209	66.66	29841614	4564.80241
1962	209	69.69	31158061	5693.843879
1967	209	71.44	32850275	7993.512294
1972	209	73.06	34513161	10638.75131
1977	209	74.39	36439000	13236.92117
1982	209	76.3	37983310	13926.16997
1987	209	76.9	38880702	15764.98313
1992	209	77.57	39549438	18603.06452
1997	209	78.77	39855442	20445.29896
2002	209	79.78	40152517	24835.47166
2007	209	80.941	40448191	28821.0637
1952	210	57.593	7982342	1083.53203
1957	210	61.456	9128546	1072.546602
1962	210	62.192	10421936	1074.47196
1967	210	64.266	11737396	1135.514326
1972	210	65.042	13016733	1213.39553
1977	210	65.949	14116836	1348.775651
1982	210	68.757	15410151	1648.079789
1987	210	69.011	16495304	1876.766827
1992	210	70.379	17587060	2153.739222
1997	210	70.457	18698655	2664.477257
2002	210	70.815	19576783	3015.378833
2007	210	72.396	20378239	3970.095407
1952	211	38.635	8504667	1615.991129
1957	211	39.624	9753392	1770.337074
1962	211	40.87	11183227	1959.593767
1967	211	42.858	12716129	1687.997641
1972	211	45.083	14597019	1659.652775
1977	211	47.8	17104986	2202.988423
1982	211	50.338	20367053	1895.544073
1987	211	51.744	24725960	1507.819159
1992	211	53.556	28227588	1492.197043
1997	211	55.373	32160729	1632.210764
2002	211	56.369	37090298	1993.398314
2007	211	58.556	42292929	2602.394995
1952	70	41.407	290243	1148.376626
1957	70	43.424	326741	1244.708364
1962	70	44.992	370006	1856.182125
1967	70	46.633	420690	2613.101665
1972	70	49.552	480105	3364.836625
1977	70	52.537	551425	3781.410618
1982	70	55.561	649901	3895.384018
1987	70	57.678	779348	3984.839812
1992	70	58.474	962344	3553.0224
1997	70	54.289	1054486	3876.76846
2002	70	43.869	1130269	4128.116943
2007	70	39.613	1133066	4513.480643
1952	214	71.86	7124673	8527.844662
1957	214	72.49	7363802	9911.878226
1962	214	73.37	7561588	12329.44192
1967	214	74.16	7867931	15258.29697
1972	214	74.72	8122293	17832.02464
1977	214	75.44	8251648	18855.72521
1982	214	76.42	8325260	20667.38125
1987	214	77.19	8421403	23586.92927
1992	214	78.16	8718867	23880.01683
1997	214	79.39	8897619	25266.59499
2002	214	80.04	8954175	29341.63093
2007	214	80.884	9031088	33859.74835
1952	215	69.62	4815000	14734.23275
1957	215	70.56	5126000	17909.48973
1962	215	71.32	5666000	20431.0927
1967	215	72.77	6063000	22966.14432
1972	215	73.78	6401400	27195.11304
1977	215	75.39	6316424	26982.29052
1982	215	76.21	6468126	28397.71512
1987	215	77.41	6649942	30281.70459
1992	215	78.03	6995447	31871.5303
1997	215	79.37	7193761	32135.32301
2002	215	80.62	7361757	34480.95771
2007	215	81.701	7554661	37506.41907
1952	216	45.883	3661549	1643.485354
1957	216	48.284	4149908	2117.234893
1962	216	50.305	4834621	2193.037133
1967	216	53.655	5680812	1881.923632
1972	216	57.296	6701172	2571.423014
1977	216	61.195	7932503	3195.484582
1982	216	64.59	9410494	3761.837715
1987	216	66.974	11242847	3116.774285
1992	216	69.249	13219062	3340.542768
1997	216	71.527	15081016	4014.238972
2002	216	73.053	17155814	4090.925331
2007	216	74.143	19314747	4184.548089
1952	217	58.5	8550362	1206.947913
1957	217	62.4	10164215	1507.86129
1962	217	65.2	11918938	1822.879028
1967	217	67.5	13648692	2643.858681
1972	217	69.39	15226039	4062.523897
1977	217	70.59	16785196	5596.519826
1982	217	72.16	18501390	7426.354774
1987	217	73.4	19757799	11054.56175
1992	217	74.26	20686918	15215.6579
1997	217	75.25	21628605	20206.82098
2002	217	76.99	22454239	23235.42329
2007	217	78.4	23174294	28718.27684
1952	219	41.215	8322925	716.6500721
1957	219	42.974	9452826	698.5356073
1962	219	44.246	10863958	722.0038073
1967	219	45.757	12607312	848.2186575
1972	219	47.62	14706593	915.9850592
1977	219	49.919	17129565	962.4922932
1982	219	50.608	19844382	874.2426069
1987	219	51.535	23040630	831.8220794
1992	219	50.44	26605473	825.682454
1997	219	48.466	30686889	789.1862231
2002	219	49.651	34593779	899.0742111
2007	219	52.517	38139640	1107.482182
1952	220	50.848	21289402	757.7974177
1957	220	53.63	25041917	793.5774148
1962	220	56.061	29263397	1002.199172
1967	220	58.285	34024249	1295.46066
1972	220	60.405	39276153	1524.358936
1977	220	62.494	44148285	1961.224635
1982	220	64.597	48827160	2393.219781
1987	220	66.084	52910342	2982.653773
1992	220	67.298	56667095	4616.896545
1997	220	67.521	60216677	5852.625497
2002	220	68.564	62806748	5913.187529
2007	220	70.616	65068149	7458.396327
1952	222	38.596	1219113	859.8086567
1957	222	41.208	1357445	925.9083202
1962	222	43.922	1528098	1067.53481
1967	222	46.769	1735550	1477.59676
1972	222	49.759	2056351	1649.660188
1977	222	52.887	2308582	1532.776998
1982	222	55.471	2644765	1344.577953
1987	222	56.941	3154264	1202.201361
1992	222	58.061	3747553	1034.298904
1997	222	58.39	4320890	982.2869243
2002	222	57.561	4977378	886.2205765
2007	222	58.42	5701579	882.9699438
1952	225	59.1	662850	3023.271928
1957	225	61.8	764900	4100.3934
1962	225	64.9	887498	4997.523971
1967	225	65.4	960155	5621.368472
1972	225	65.9	975199	6619.551419
1977	225	68.3	1039009	7899.554209
1982	225	68.832	1116479	9119.528607
1987	225	69.582	1191336	7388.597823
1992	225	69.862	1183669	7370.990932
1997	225	69.465	1138101	8792.573126
2002	225	68.976	1101832	11460.60023
2007	225	69.819	1056608	18008.50924
1952	226	44.6	3647735	1468.475631
1957	226	47.1	3950849	1395.232468
1962	226	49.579	4286552	1660.30321
1967	226	52.053	4786986	1932.360167
1972	226	55.602	5303507	2753.285994
1977	226	59.837	6005061	3120.876811
1982	226	64.048	6734098	3560.233174
1987	226	66.894	7724976	3810.419296
1992	226	70.001	8523077	4332.720164
1997	226	71.973	9231669	4876.798614
2002	226	73.042	9770575	5722.895655
2007	226	73.923	10276158	7092.923025
1952	230	43.585	22235677	1969.10098
1957	230	48.079	25670939	2218.754257
1962	230	52.098	29788695	2322.869908
1967	230	54.336	33411317	2826.356387
1972	230	57.005	37492953	3450.69638
1977	230	59.507	42404033	4269.122326
1982	230	61.036	47328791	4241.356344
1987	230	63.108	52881328	5089.043686
1992	230	66.146	58179144	5678.348271
1997	230	68.835	63047647	6601.429915
2002	230	70.845	67308928	6508.085718
2007	230	71.777	71158647	8458.276384
1952	231	39.978	5824797	734.753484
1957	231	42.571	6675501	774.3710692
1962	231	45.344	7688797	767.2717398
1967	231	48.051	8900294	908.9185217
1972	231	51.016	10190285	950.735869
1977	231	50.35	11457758	843.7331372
1982	231	49.849	12939400	682.2662268
1987	231	51.509	15283050	617.7244065
1992	231	48.825	18252190	644.1707969
1997	231	44.578	21210254	816.559081
2002	231	47.813	24739869	927.7210018
2007	231	51.542	29170398	1056.380121
1952	234	69.18	50430000	9979.508487
1957	234	70.42	51430000	11283.17795
1962	234	70.76	53292000	12477.17707
1967	234	71.36	54959000	14142.85089
1972	234	72.01	56079000	15895.11641
1977	234	72.76	56179000	17428.74846
1982	234	74.04	56339704	18232.42452
1987	234	75.007	56981620	21664.78767
1992	234	76.42	57866349	22705.09254
1997	234	77.218	58808266	26074.53136
2002	234	78.471	59912431	29478.99919
2007	234	79.425	60776238	33203.26128
1952	236	68.44	157553000	13990.48208
1957	236	69.49	171984000	14847.12712
1962	236	70.21	186538000	16173.14586
1967	236	70.76	198712000	19530.36557
1972	236	71.34	209896000	21806.03594
1977	236	73.38	220239000	24072.63213
1982	236	74.65	232187835	25009.55914
1987	236	75.02	242803533	29884.35041
1992	236	76.09	256894189	32003.93224
1997	236	76.81	272911760	35767.43303
2002	236	77.31	287675526	39097.09955
2007	236	78.242	301139947	42951.65309
1952	237	66.071	2252965	5716.766744
1957	237	67.044	2424959	6150.772969
1962	237	68.253	2598466	5603.357717
1967	237	68.468	2748579	5444.61962
1972	237	68.673	2829526	5703.408898
1977	237	69.481	2873520	6504.339663
1982	237	70.805	2953997	6920.223051
1987	237	71.918	3045153	7452.398969
1992	237	72.752	3149262	8137.004775
1997	237	74.223	3262838	9230.240708
2002	237	75.307	3363085	7727.002004
2007	237	76.384	3447496	10611.46299
1952	240	55.088	5439568	7689.799761
1957	240	57.907	6702668	9802.466526
1962	240	60.77	8143375	8422.974165
1967	240	63.479	9709552	9541.474188
1972	240	65.712	11515649	10505.25966
1977	240	67.456	13503563	13143.95095
1982	240	68.557	15620766	11152.41011
1987	240	70.19	17910182	9883.584648
1992	240	71.15	20265563	10733.92631
1997	240	72.146	22374398	10165.49518
2002	240	72.766	24287670	8605.047831
2007	240	73.747	26084662	11415.80569
1952	241	40.412	26246839	605.0664917
1957	241	42.887	28998543	676.2854478
1962	241	45.363	33796140	772.0491602
1967	241	47.838	39463910	637.1232887
1972	241	50.254	44655014	699.5016441
1977	241	55.764	50533506	713.5371196
1982	241	58.816	56142181	707.2357863
1987	241	62.82	62826491	820.7994449
1992	241	67.662	69940728	989.0231487
1997	241	70.672	76048996	1385.896769
2002	241	73.017	80908147	1764.456677
2007	241	74.249	85262356	2441.576404
1952	170	43.16	1030585	1515.592329
1957	170	45.671	1070439	1827.067742
1962	170	48.127	1133134	2198.956312
1967	170	51.631	1142636	2649.715007
1972	170	56.532	1089572	3133.409277
1977	170	60.765	1261091	3682.831494
1982	170	64.406	1425876	4336.032082
1987	170	67.046	1691210	5107.197384
1992	170	69.718	2104779	6017.654756
1997	170	71.096	2826046	7110.667619
2002	170	72.37	3389578	4515.487575
2007	170	73.422	4018332	3025.349798
1952	247	32.548	4963829	781.7175761
1957	247	33.97	5498090	804.8304547
1962	247	35.18	6120081	825.6232006
1967	247	36.984	6740785	862.4421463
1972	247	39.848	7407075	1265.047031
1977	247	44.175	8403990	1829.765177
1982	247	49.113	9657618	1977.55701
1987	247	52.922	11219340	1971.741538
1992	247	55.599	13367997	1879.496673
1997	247	58.02	15826497	2117.484526
2002	247	60.308	18701257	2234.820827
2007	247	62.698	22211743	2280.769906
1952	248	42.038	2672000	1147.388831
1957	248	44.077	3016000	1311.956766
1962	248	46.023	3421000	1452.725766
1967	248	47.768	3900000	1777.077318
1972	248	50.107	4506497	1773.498265
1977	248	51.386	5216550	1588.688299
1982	248	51.821	6100407	1408.678565
1987	248	50.821	7272406	1213.315116
1992	248	46.1	8381163	1210.884633
1997	248	40.238	9417789	1071.353818
2002	248	39.193	10595811	1071.613938
2007	248	42.384	11746035	1271.211593
1952	249	48.451	3080907	406.8841148
1957	249	50.469	3646340	518.7642681
1962	249	52.358	4277736	527.2721818
1967	249	53.995	4995432	569.7950712
1972	249	55.635	5861135	799.3621758
1977	249	57.674	6642107	685.5876821
1982	249	60.363	7636524	788.8550411
1987	249	62.351	9216418	706.1573059
1992	249	60.377	10704340	693.4207856
1997	249	46.809	11404948	792.4499603
2002	249	39.989	11926563	672.0386227
2007	249	43.487	12311143	469.7092981
